{"cameraMode":{"drawMode":0,"name":"Shaded","section":"Shading Mode"},"sceneLighting":false,"audioPlay":false,"sceneViewState":{"m_AlwaysRefresh":false,"showFog":true,"showSkybox":false,"showFlares":true,"showImageEffects":true,"showParticleSystems":true,"showVisualEffectGraphs":true,"m_FxEnabled":true},"in2DMode":false,"pivot":{"x":12.016080856323243,"y":2.0471739768981935,"z":2.9563448429107668},"rotation":{"x":-0.05016274005174637,"y":-0.6312781572341919,"z":0.04096579924225807,"w":-0.7728613615036011},"size":2.9829015731811525,"orthographic":false}