{"cameraMode":{"drawMode":0,"name":"Shaded","section":"Shading Mode"},"sceneLighting":false,"audioPlay":false,"sceneViewState":{"m_AlwaysRefresh":false,"showFog":true,"showSkybox":false,"showFlares":true,"showImageEffects":true,"showParticleSystems":true,"showVisualEffectGraphs":true,"m_FxEnabled":true},"in2DMode":false,"pivot":{"x":25.505456924438478,"y":4.989834785461426,"z":9.40723991394043},"rotation":{"x":-0.028879107907414438,"y":-0.9710731506347656,"z":0.16200566291809083,"w":-0.17308759689331056},"size":1.3830989599227906,"orthographic":false}