{"cameraMode":{"drawMode":0,"name":"Shaded","section":"Shading Mode"},"sceneLighting":false,"audioPlay":false,"sceneViewState":{"m_AlwaysRefresh":false,"showFog":true,"showSkybox":false,"showFlares":true,"showImageEffects":true,"showParticleSystems":true,"showVisualEffectGraphs":true,"m_FxEnabled":true},"in2DMode":false,"pivot":{"x":0.14129924774169923,"y":1.5561269521713257,"z":-2.5197553634643556},"rotation":{"x":-0.05273311957716942,"y":-0.6041772961616516,"z":0.04012171924114227,"w":-0.7940927147865295},"size":5.856977462768555,"orthographic":false}